Identifier,Title,Short Title,Code,Start Date,End Date,Ethics ID,Anticipated Participants Count,PPID Format,Visit Name Format,Label Format,Derivative Label Format,Aliquot Label Format,User inputs PPID,User inputs Visit Name,User inputs Specimen Label,Label Sequence Key,Label Pre-print Mode,Description URL,Activity Status,Sites#1#Name,Sites#1#Code,Sites#2#Name,Sites#2#Code,PI#PI Email,Coordinator#1#Coordinator Email,Coordinator#2#Coordinator Email,Label Print Setting#1#Lineage,Label Print Setting#1#Print Mode,Label Print Setting#1#Copies,Label Print Setting#2#Lineage,Label Print Setting#2#Print Mode,Label Print Setting#2#Copies
,Oncology_1,Oncology_1,,,,,,,,,,,,,,,,,Active,Biobank Site,,,,kaustubh@krishagni.com,kaustubh@krishagni.com,,,,,,,
,Oncology_2,Oncology_2,,,,,,,,,,,,,,,,,Active,Biobank Site,,,,kaustubh@krishagni.com,kaustubh@krishagni.com,,,,,,,
,Oncology_3,Oncology_3,,,,,,,,,,,,,,,,,Active,Biobank Site,,,,kaustubh@krishagni.com,kaustubh@krishagni.com,,,,,,,
,Oncology_4,Oncology_4,,,,,,,,,,,,,,,,,Active,Biobank Site,,,,kaustubh@krishagni.com,kaustubh@krishagni.com,,,,,,,
,Oncology_5,Oncology_5,,,,,,,,,,,,,,,,,Active,Biobank Site,,,,kaustubh@krishagni.com,kaustubh@krishagni.com,,,,,,,
,Oncology_6,Oncology_6,,,,,,,,,,,,,,,,,Active,Biobank Site,,,,kaustubh@krishagni.com,kaustubh@krishagni.com,,,,,,,
,Oncology_7,Oncology_7,,,,,,,,,,,,,,,,,Active,Biobank Site,,,,kaustubh@krishagni.com,kaustubh@krishagni.com,,,,,,,
,Oncology_8,Oncology_8,,,,,,,,,,,,,,,,,Active,Biobank Site,,,,kaustubh@krishagni.com,kaustubh@krishagni.com,,,,,,,
,Oncology_9,Oncology_9,,,,,,,,,,,,,,,,,Active,Biobank Site,,,,kaustubh@krishagni.com,kaustubh@krishagni.com,,,,,,,
,Oncology_10,Oncology_10,,,,,,,,,,,,,,,,,Active,Biobank Site,,,,kaustubh@krishagni.com,kaustubh@krishagni.com,,,,,,,
,Oncology_11,Oncology_11,,,,,,,,,,,,,,,,,Active,Biobank Site,,,,kaustubh@krishagni.com,kaustubh@krishagni.com,,,,,,,
,Oncology_12,Oncology_12,,,,,,,,,,,,,,,,,Active,Biobank Site,,,,kaustubh@krishagni.com,kaustubh@krishagni.com,,,,,,,
,Oncology_13,Oncology_13,,,,,,,,,,,,,,,,,Active,Biobank Site,,,,kaustubh@krishagni.com,kaustubh@krishagni.com,,,,,,,
,Oncology_14,Oncology_14,,,,,,,,,,,,,,,,,Active,Biobank Site,,,,kaustubh@krishagni.com,kaustubh@krishagni.com,,,,,,,
,Oncology_15,Oncology_15,,,,,,,,,,,,,,,,,Active,Biobank Site,,,,kaustubh@krishagni.com,kaustubh@krishagni.com,,,,,,,
,Oncology_16,Oncology_16,,,,,,,,,,,,,,,,,Active,Biobank Site,,,,kaustubh@krishagni.com,kaustubh@krishagni.com,,,,,,,
,Oncology_17,Oncology_17,,,,,,,,,,,,,,,,,Active,Biobank Site,,,,kaustubh@krishagni.com,kaustubh@krishagni.com,,,,,,,
,Oncology_18,Oncology_18,,,,,,,,,,,,,,,,,Active,Biobank Site,,,,kaustubh@krishagni.com,kaustubh@krishagni.com,,,,,,,
,Oncology_19,Oncology_19,,,,,,,,,,,,,,,,,Active,Biobank Site,,,,kaustubh@krishagni.com,kaustubh@krishagni.com,,,,,,,
,Oncology_20,Oncology_20,,,,,,,,,,,,,,,,,Active,Biobank Site,,,,kaustubh@krishagni.com,kaustubh@krishagni.com,,,,,,,
,Oncology_21,Oncology_21,,,,,,,,,,,,,,,,,Active,Biobank Site,,,,kaustubh@krishagni.com,kaustubh@krishagni.com,,,,,,,
,Oncology_22,Oncology_22,,,,,,,,,,,,,,,,,Active,Biobank Site,,,,kaustubh@krishagni.com,kaustubh@krishagni.com,,,,,,,
,Oncology_23,Oncology_23,,,,,,,,,,,,,,,,,Active,Biobank Site,,,,kaustubh@krishagni.com,kaustubh@krishagni.com,,,,,,,
,Oncology_24,Oncology_24,,,,,,,,,,,,,,,,,Active,Biobank Site,,,,kaustubh@krishagni.com,kaustubh@krishagni.com,,,,,,,
,Oncology_25,Oncology_25,,,,,,,,,,,,,,,,,Active,Biobank Site,,,,kaustubh@krishagni.com,kaustubh@krishagni.com,,,,,,,
,Oncology_26,Oncology_26,,,,,,,,,,,,,,,,,Active,Biobank Site,,,,kaustubh@krishagni.com,kaustubh@krishagni.com,,,,,,,
,Oncology_27,Oncology_27,,,,,,,,,,,,,,,,,Active,Biobank Site,,,,kaustubh@krishagni.com,kaustubh@krishagni.com,,,,,,,
,Oncology_28,Oncology_28,,,,,,,,,,,,,,,,,Active,Biobank Site,,,,kaustubh@krishagni.com,kaustubh@krishagni.com,,,,,,,
,Oncology_29,Oncology_29,,,,,,,,,,,,,,,,,Active,Biobank Site,,,,kaustubh@krishagni.com,kaustubh@krishagni.com,,,,,,,
,Oncology_30,Oncology_30,,,,,,,,,,,,,,,,,Active,Biobank Site,,,,kaustubh@krishagni.com,kaustubh@krishagni.com,,,,,,,
,Oncology_31,Oncology_31,,,,,,,,,,,,,,,,,Active,Biobank Site,,,,kaustubh@krishagni.com,kaustubh@krishagni.com,,,,,,,
,Oncology_32,Oncology_32,,,,,,,,,,,,,,,,,Active,Biobank Site,,,,kaustubh@krishagni.com,kaustubh@krishagni.com,,,,,,,
,Oncology_33,Oncology_33,,,,,,,,,,,,,,,,,Active,Biobank Site,,,,kaustubh@krishagni.com,kaustubh@krishagni.com,,,,,,,
,Oncology_34,Oncology_34,,,,,,,,,,,,,,,,,Active,Biobank Site,,,,kaustubh@krishagni.com,kaustubh@krishagni.com,,,,,,,
,Oncology_35,Oncology_35,,,,,,,,,,,,,,,,,Active,Biobank Site,,,,kaustubh@krishagni.com,kaustubh@krishagni.com,,,,,,,
,Oncology_36,Oncology_36,,,,,,,,,,,,,,,,,Active,Biobank Site,,,,kaustubh@krishagni.com,kaustubh@krishagni.com,,,,,,,
,Oncology_37,Oncology_37,,,,,,,,,,,,,,,,,Active,Biobank Site,,,,kaustubh@krishagni.com,kaustubh@krishagni.com,,,,,,,
,Oncology_38,Oncology_38,,,,,,,,,,,,,,,,,Active,Biobank Site,,,,kaustubh@krishagni.com,kaustubh@krishagni.com,,,,,,,
,Oncology_39,Oncology_39,,,,,,,,,,,,,,,,,Active,Biobank Site,,,,kaustubh@krishagni.com,kaustubh@krishagni.com,,,,,,,
,Oncology_40,Oncology_40,,,,,,,,,,,,,,,,,Active,Biobank Site,,,,kaustubh@krishagni.com,kaustubh@krishagni.com,,,,,,,
,Oncology_41,Oncology_41,,,,,,,,,,,,,,,,,Active,Biobank Site,,,,kaustubh@krishagni.com,kaustubh@krishagni.com,,,,,,,
,Oncology_42,Oncology_42,,,,,,,,,,,,,,,,,Active,Biobank Site,,,,kaustubh@krishagni.com,kaustubh@krishagni.com,,,,,,,
,Oncology_43,Oncology_43,,,,,,,,,,,,,,,,,Active,Biobank Site,,,,kaustubh@krishagni.com,kaustubh@krishagni.com,,,,,,,
,Oncology_44,Oncology_44,,,,,,,,,,,,,,,,,Active,Biobank Site,,,,kaustubh@krishagni.com,kaustubh@krishagni.com,,,,,,,
,Oncology_45,Oncology_45,,,,,,,,,,,,,,,,,Active,Biobank Site,,,,kaustubh@krishagni.com,kaustubh@krishagni.com,,,,,,,
,Oncology_46,Oncology_46,,,,,,,,,,,,,,,,,Active,Biobank Site,,,,kaustubh@krishagni.com,kaustubh@krishagni.com,,,,,,,
,Oncology_47,Oncology_47,,,,,,,,,,,,,,,,,Active,Biobank Site,,,,kaustubh@krishagni.com,kaustubh@krishagni.com,,,,,,,
,Oncology_48,Oncology_48,,,,,,,,,,,,,,,,,Active,Biobank Site,,,,kaustubh@krishagni.com,kaustubh@krishagni.com,,,,,,,
,Oncology_49,Oncology_49,,,,,,,,,,,,,,,,,Active,Biobank Site,,,,kaustubh@krishagni.com,kaustubh@krishagni.com,,,,,,,
,Oncology_50,Oncology_50,,,,,,,,,,,,,,,,,Active,Biobank Site,,,,kaustubh@krishagni.com,kaustubh@krishagni.com,,,,,,,
,Oncology_51,Oncology_51,,,,,,,,,,,,,,,,,Active,Biobank Site,,,,kaustubh@krishagni.com,kaustubh@krishagni.com,,,,,,,
,Oncology_52,Oncology_52,,,,,,,,,,,,,,,,,Active,Biobank Site,,,,kaustubh@krishagni.com,kaustubh@krishagni.com,,,,,,,
,Oncology_53,Oncology_53,,,,,,,,,,,,,,,,,Active,Biobank Site,,,,kaustubh@krishagni.com,kaustubh@krishagni.com,,,,,,,
,Oncology_54,Oncology_54,,,,,,,,,,,,,,,,,Active,Biobank Site,,,,kaustubh@krishagni.com,kaustubh@krishagni.com,,,,,,,
,Oncology_55,Oncology_55,,,,,,,,,,,,,,,,,Active,Biobank Site,,,,kaustubh@krishagni.com,kaustubh@krishagni.com,,,,,,,
,Oncology_56,Oncology_56,,,,,,,,,,,,,,,,,Active,Biobank Site,,,,kaustubh@krishagni.com,kaustubh@krishagni.com,,,,,,,
,Oncology_57,Oncology_57,,,,,,,,,,,,,,,,,Active,Biobank Site,,,,kaustubh@krishagni.com,kaustubh@krishagni.com,,,,,,,
,Oncology_58,Oncology_58,,,,,,,,,,,,,,,,,Active,Biobank Site,,,,kaustubh@krishagni.com,kaustubh@krishagni.com,,,,,,,
,Oncology_59,Oncology_59,,,,,,,,,,,,,,,,,Active,Biobank Site,,,,kaustubh@krishagni.com,kaustubh@krishagni.com,,,,,,,
,Oncology_60,Oncology_60,,,,,,,,,,,,,,,,,Active,Biobank Site,,,,kaustubh@krishagni.com,kaustubh@krishagni.com,,,,,,,
,Oncology_61,Oncology_61,,,,,,,,,,,,,,,,,Active,Biobank Site,,,,kaustubh@krishagni.com,kaustubh@krishagni.com,,,,,,,
,Oncology_62,Oncology_62,,,,,,,,,,,,,,,,,Active,Biobank Site,,,,kaustubh@krishagni.com,kaustubh@krishagni.com,,,,,,,
,Oncology_63,Oncology_63,,,,,,,,,,,,,,,,,Active,Biobank Site,,,,kaustubh@krishagni.com,kaustubh@krishagni.com,,,,,,,
,Oncology_64,Oncology_64,,,,,,,,,,,,,,,,,Active,Biobank Site,,,,kaustubh@krishagni.com,kaustubh@krishagni.com,,,,,,,
,Oncology_65,Oncology_65,,,,,,,,,,,,,,,,,Active,Biobank Site,,,,kaustubh@krishagni.com,kaustubh@krishagni.com,,,,,,,
,Oncology_66,Oncology_66,,,,,,,,,,,,,,,,,Active,Biobank Site,,,,kaustubh@krishagni.com,kaustubh@krishagni.com,,,,,,,
,Oncology_67,Oncology_67,,,,,,,,,,,,,,,,,Active,Biobank Site,,,,kaustubh@krishagni.com,kaustubh@krishagni.com,,,,,,,
,Oncology_68,Oncology_68,,,,,,,,,,,,,,,,,Active,Biobank Site,,,,kaustubh@krishagni.com,kaustubh@krishagni.com,,,,,,,
,Oncology_69,Oncology_69,,,,,,,,,,,,,,,,,Active,Biobank Site,,,,kaustubh@krishagni.com,kaustubh@krishagni.com,,,,,,,
,Oncology_70,Oncology_70,,,,,,,,,,,,,,,,,Active,Biobank Site,,,,kaustubh@krishagni.com,kaustubh@krishagni.com,,,,,,,
,Oncology_71,Oncology_71,,,,,,,,,,,,,,,,,Active,Biobank Site,,,,kaustubh@krishagni.com,kaustubh@krishagni.com,,,,,,,
,Oncology_72,Oncology_72,,,,,,,,,,,,,,,,,Active,Biobank Site,,,,kaustubh@krishagni.com,kaustubh@krishagni.com,,,,,,,
,Oncology_73,Oncology_73,,,,,,,,,,,,,,,,,Active,Biobank Site,,,,kaustubh@krishagni.com,kaustubh@krishagni.com,,,,,,,
,Oncology_74,Oncology_74,,,,,,,,,,,,,,,,,Active,Biobank Site,,,,kaustubh@krishagni.com,kaustubh@krishagni.com,,,,,,,
,Oncology_75,Oncology_75,,,,,,,,,,,,,,,,,Active,Biobank Site,,,,kaustubh@krishagni.com,kaustubh@krishagni.com,,,,,,,
,Oncology_76,Oncology_76,,,,,,,,,,,,,,,,,Active,Biobank Site,,,,kaustubh@krishagni.com,kaustubh@krishagni.com,,,,,,,
,Oncology_77,Oncology_77,,,,,,,,,,,,,,,,,Active,Biobank Site,,,,kaustubh@krishagni.com,kaustubh@krishagni.com,,,,,,,
,Oncology_78,Oncology_78,,,,,,,,,,,,,,,,,Active,Biobank Site,,,,kaustubh@krishagni.com,kaustubh@krishagni.com,,,,,,,
,Oncology_79,Oncology_79,,,,,,,,,,,,,,,,,Active,Biobank Site,,,,kaustubh@krishagni.com,kaustubh@krishagni.com,,,,,,,
,Oncology_80,Oncology_80,,,,,,,,,,,,,,,,,Active,Biobank Site,,,,kaustubh@krishagni.com,kaustubh@krishagni.com,,,,,,,
,Oncology_81,Oncology_81,,,,,,,,,,,,,,,,,Active,Biobank Site,,,,kaustubh@krishagni.com,kaustubh@krishagni.com,,,,,,,
,Oncology_82,Oncology_82,,,,,,,,,,,,,,,,,Active,Biobank Site,,,,kaustubh@krishagni.com,kaustubh@krishagni.com,,,,,,,
,Oncology_83,Oncology_83,,,,,,,,,,,,,,,,,Active,Biobank Site,,,,kaustubh@krishagni.com,kaustubh@krishagni.com,,,,,,,
,Oncology_84,Oncology_84,,,,,,,,,,,,,,,,,Active,Biobank Site,,,,kaustubh@krishagni.com,kaustubh@krishagni.com,,,,,,,
,Oncology_85,Oncology_85,,,,,,,,,,,,,,,,,Active,Biobank Site,,,,kaustubh@krishagni.com,kaustubh@krishagni.com,,,,,,,
,Oncology_86,Oncology_86,,,,,,,,,,,,,,,,,Active,Biobank Site,,,,kaustubh@krishagni.com,kaustubh@krishagni.com,,,,,,,
,Oncology_87,Oncology_87,,,,,,,,,,,,,,,,,Active,Biobank Site,,,,kaustubh@krishagni.com,kaustubh@krishagni.com,,,,,,,
,Oncology_88,Oncology_88,,,,,,,,,,,,,,,,,Active,Biobank Site,,,,kaustubh@krishagni.com,kaustubh@krishagni.com,,,,,,,
,Oncology_89,Oncology_89,,,,,,,,,,,,,,,,,Active,Biobank Site,,,,kaustubh@krishagni.com,kaustubh@krishagni.com,,,,,,,
,Oncology_90,Oncology_90,,,,,,,,,,,,,,,,,Active,Biobank Site,,,,kaustubh@krishagni.com,kaustubh@krishagni.com,,,,,,,
,Oncology_91,Oncology_91,,,,,,,,,,,,,,,,,Active,Biobank Site,,,,kaustubh@krishagni.com,kaustubh@krishagni.com,,,,,,,
,Oncology_92,Oncology_92,,,,,,,,,,,,,,,,,Active,Biobank Site,,,,kaustubh@krishagni.com,kaustubh@krishagni.com,,,,,,,
,Oncology_93,Oncology_93,,,,,,,,,,,,,,,,,Active,Biobank Site,,,,kaustubh@krishagni.com,kaustubh@krishagni.com,,,,,,,
,Oncology_94,Oncology_94,,,,,,,,,,,,,,,,,Active,Biobank Site,,,,kaustubh@krishagni.com,kaustubh@krishagni.com,,,,,,,
,Oncology_95,Oncology_95,,,,,,,,,,,,,,,,,Active,Biobank Site,,,,kaustubh@krishagni.com,kaustubh@krishagni.com,,,,,,,
,Oncology_96,Oncology_96,,,,,,,,,,,,,,,,,Active,Biobank Site,,,,kaustubh@krishagni.com,kaustubh@krishagni.com,,,,,,,
,Oncology_97,Oncology_97,,,,,,,,,,,,,,,,,Active,Biobank Site,,,,kaustubh@krishagni.com,kaustubh@krishagni.com,,,,,,,
,Oncology_98,Oncology_98,,,,,,,,,,,,,,,,,Active,Biobank Site,,,,kaustubh@krishagni.com,kaustubh@krishagni.com,,,,,,,
,Oncology_99,Oncology_99,,,,,,,,,,,,,,,,,Active,Biobank Site,,,,kaustubh@krishagni.com,kaustubh@krishagni.com,,,,,,,
,Oncology_100,Oncology_100,,,,,,,,,,,,,,,,,Active,Biobank Site,,,,kaustubh@krishagni.com,kaustubh@krishagni.com,,,,,,,
,Oncology_101,Oncology_101,,,,,,,,,,,,,,,,,Active,Biobank Site,,,,kaustubh@krishagni.com,kaustubh@krishagni.com,,,,,,,
